listed_in;id_listed_in
Documentaries;1
International TV Shows, TV Dramas, TV Mysteries;2
Crime TV Shows, International TV Shows, TV Action & Adventure;3
Docuseries, Reality TV;4
International TV Shows, Romantic TV Shows, TV Comedies;5
TV Dramas, TV Horror, TV Mysteries;6
Children & Family Movies;7
Dramas, Independent Movies, International Movies;8
British TV Shows, Reality TV;9
Comedies, Dramas;10
Crime TV Shows, Docuseries, International TV Shows;11
Dramas, International Movies;12
Children & Family Movies, Comedies;13
British TV Shows, Crime TV Shows, Docuseries;14
TV Comedies, TV Dramas;15
Documentaries, International Movies;16
Crime TV Shows, Spanish-Language TV Shows, TV Dramas;17
Thrillers;18
International TV Shows, Spanish-Language TV Shows, TV Action & Adventure;19
International TV Shows, TV Action & Adventure, TV Dramas;20
Comedies, International Movies;21
Comedies, International Movies, Romantic Movies;22
Docuseries, International TV Shows, Reality TV;23
Comedies, International Movies, Music & Musicals;24
Comedies;25
Horror Movies, Sci-Fi & Fantasy;26
TV Comedies;27
British TV Shows, International TV Shows, TV Comedies;28
International TV Shows, TV Dramas, TV Thrillers;29
Kids' TV;30
Dramas, International Movies, Thrillers;31
Action & Adventure, Dramas, International Movies;32
Kids' TV, TV Comedies;33
Action & Adventure, Dramas;34
Kids' TV, TV Sci-Fi & Fantasy;35
Action & Adventure, Classic Movies, Dramas;36
Dramas, Horror Movies, Thrillers;37
Action & Adventure, Horror Movies, Thrillers;38
Action & Adventure;39
Dramas, Thrillers;40
International TV Shows, TV Dramas;41
International TV Shows, TV Dramas, TV Sci-Fi & Fantasy;42
Action & Adventure, Anime Features, International Movies;43
Reality TV;44
Docuseries, International TV Shows;45
Documentaries, International Movies, Sports Movies;46
International TV Shows, Reality TV, Romantic TV Shows;47
British TV Shows, Docuseries, International TV Shows;48
Anime Series, International TV Shows;49
Comedies, Dramas, International Movies;50
Crime TV Shows, TV Comedies, TV Dramas;51
Action & Adventure, Comedies, Dramas;52
Anime Series, Kids' TV;53
International Movies, Thrillers;54
Kids' TV, Korean TV Shows;55
Documentaries, Sports Movies;56
Sci-Fi & Fantasy, Thrillers;57
Dramas, International Movies, Romantic Movies;58
Documentaries, Music & Musicals;59
Kids' TV, TV Comedies, TV Sci-Fi & Fantasy;60
British TV Shows, Kids' TV;61
Docuseries, Science & Nature TV;62
Children & Family Movies, Dramas;63
Kids' TV, TV Dramas, Teen TV Shows;64
Crime TV Shows, International TV Shows, Spanish-Language TV Shows;65
Docuseries, International TV Shows, Spanish-Language TV Shows;66
Dramas;67
Comedies, Romantic Movies;68
Dramas, Romantic Movies;69
Comedies, Dramas, Independent Movies;70
Crime TV Shows, TV Action & Adventure, TV Comedies;71
Children & Family Movies, Music & Musicals;72
Action & Adventure, Classic Movies, Cult Movies;73
International TV Shows, TV Action & Adventure, TV Comedies;74
Action & Adventure, Sci-Fi & Fantasy;75
Action & Adventure, Comedies;76
Classic Movies, Comedies, Dramas;77
Comedies, Cult Movies;78
Comedies, Cult Movies, Music & Musicals;79
Comedies, Music & Musicals;80
TV Shows;81
Action & Adventure, International Movies;82
Anime Series, International TV Shows, Teen TV Shows;83
Action & Adventure, Children & Family Movies, Cult Movies;84
Comedies, Dramas, Romantic Movies;85
Comedies, Cult Movies, Sci-Fi & Fantasy;86
Classic Movies, Dramas;87
Action & Adventure, Children & Family Movies, Comedies;88
Dramas, Faith & Spirituality;89
Documentaries, LGBTQ Movies;90
Action & Adventure, Classic Movies;91
Docuseries;92
International TV Shows, TV Comedies;93
Dramas, Independent Movies;94
Action & Adventure, Comedies, International Movies;95
International TV Shows, Spanish-Language TV Shows, TV Dramas;96
Crime TV Shows, International TV Shows, TV Dramas;97
Action & Adventure, Horror Movies, International Movies;98
Comedies, International Movies, Sci-Fi & Fantasy;99
Action & Adventure, International Movies, Music & Musicals;100
Dramas, International Movies, Music & Musicals;101
Horror Movies, International Movies;102
Reality TV, Teen TV Shows;103
Crime TV Shows, TV Dramas, TV Mysteries;104
International TV Shows, Reality TV;105
International TV Shows, TV Comedies, TV Dramas;106
Dramas, Independent Movies, Romantic Movies;107
Horror Movies;108
Documentaries, LGBTQ Movies, Sports Movies;109
Horror Movies, International Movies, Thrillers;110
Action & Adventure, Anime Features;111
TV Dramas, TV Mysteries, TV Sci-Fi & Fantasy;112
International TV Shows, Spanish-Language TV Shows, TV Comedies;113
Children & Family Movies, Comedies, Music & Musicals;114
Comedies, Independent Movies;115
Anime Series, International TV Shows, Romantic TV Shows;116
Classic Movies, Dramas, Independent Movies;117
International TV Shows, Romantic TV Shows, Spanish-Language TV Shows;118
International TV Shows, TV Dramas, Teen TV Shows;119
Stand-Up Comedy;120
Action & Adventure, Anime Features, Children & Family Movies;121
International TV Shows, Romantic TV Shows, TV Dramas;122
International Movies, Music & Musicals;123
TV Action & Adventure, TV Dramas, TV Mysteries;124
Horror Movies, Independent Movies, International Movies;125
Comedies, Cult Movies, International Movies;126
Classic Movies, Dramas, International Movies;127
Movies;128
Crime TV Shows, Docuseries;129
Children & Family Movies, Comedies, Sci-Fi & Fantasy;130
Anime Series, International TV Shows, TV Thrillers;131
Action & Adventure, Horror Movies, Sci-Fi & Fantasy;132
Classic Movies, Comedies, Cult Movies;133
TV Dramas, Teen TV Shows;134
Action & Adventure, Sci-Fi & Fantasy, Thrillers;135
Children & Family Movies, Comedies, Dramas;136
Dramas, Sports Movies;137
Action & Adventure, Dramas, Sci-Fi & Fantasy;138
Action & Adventure, Comedies, Cult Movies;139
Dramas, Independent Movies, Thrillers;140
TV Dramas, TV Sci-Fi & Fantasy;141
Action & Adventure, International Movies, Thrillers;142
British TV Shows, International TV Shows, Reality TV;143
TV Action & Adventure, TV Dramas, Teen TV Shows;144
Anime Series;145
Crime TV Shows, TV Action & Adventure, TV Sci-Fi & Fantasy;146
Crime TV Shows, International TV Shows, TV Comedies;147
Stand-Up Comedy & Talk Shows, TV Comedies;148
Classic & Cult TV, TV Action & Adventure, TV Dramas;149
Children & Family Movies, Sports Movies;150
TV Action & Adventure, TV Sci-Fi & Fantasy;151
Anime Series, Stand-Up Comedy & Talk Shows;152
TV Dramas;153
Anime Features, Children & Family Movies, International Movies;154
Classic & Cult TV, Crime TV Shows, International TV Shows;155
Crime TV Shows, International TV Shows, Romantic TV Shows;156
Horror Movies, LGBTQ Movies;157
Action & Adventure, Dramas, Romantic Movies;158
Documentaries, International Movies, Music & Musicals;159
TV Comedies, TV Dramas, Teen TV Shows;160
Children & Family Movies, Comedies, Sports Movies;161
Children & Family Movies, Dramas, International Movies;162
Comedies, Documentaries, International Movies;163
Romantic TV Shows, TV Dramas;164
Anime Series, TV Horror, TV Thrillers;165
International Movies, Romantic Movies;166
TV Action & Adventure, TV Dramas, TV Sci-Fi & Fantasy;167
Kids' TV, Korean TV Shows, TV Comedies;168
British TV Shows, Crime TV Shows, International TV Shows;169
Crime TV Shows, TV Horror, TV Mysteries;170
Docuseries, International TV Shows, Science & Nature TV;171
British TV Shows, International TV Shows, TV Dramas;172
Kids' TV, TV Action & Adventure, TV Sci-Fi & Fantasy;173
International Movies, Romantic Movies, Thrillers;174
Action & Adventure, Cult Movies, International Movies;175
Action & Adventure, Comedies, Sci-Fi & Fantasy;176
International TV Shows, Kids' TV, TV Mysteries;177
Action & Adventure, Thrillers;178
Dramas, Faith & Spirituality, International Movies;179
Action & Adventure, Classic Movies, Comedies;180
Action & Adventure, Comedies, Sports Movies;181
Action & Adventure, Children & Family Movies, Classic Movies;182
Action & Adventure, Children & Family Movies, Dramas;183
Horror Movies, Thrillers;184
Action & Adventure, Romantic Movies;185
Dramas, Romantic Movies, Sci-Fi & Fantasy;186
Dramas, Music & Musicals, Romantic Movies;187
Anime Series, Crime TV Shows, International TV Shows;188
Reality TV, Romantic TV Shows;189
International Movies, Music & Musicals, Romantic Movies;190
Reality TV, TV Action & Adventure, TV Mysteries;191
Crime TV Shows, TV Dramas;192
International TV Shows, Reality TV, Spanish-Language TV Shows;193
Crime TV Shows, TV Dramas, TV Thrillers;194
British TV Shows, Docuseries;195
International TV Shows, Korean TV Shows, TV Comedies;196
Action & Adventure, Anime Features, Classic Movies;197
TV Action & Adventure, TV Dramas, TV Horror;198
Crime TV Shows, International TV Shows, TV Thrillers;199
Anime Series, Crime TV Shows, TV Horror;200
Anime Features, Documentaries;201
Comedies, Horror Movies;202
International TV Shows, Spanish-Language TV Shows, Stand-Up Comedy & Talk Shows;203
Children & Family Movies, Documentaries, International Movies;204
Romantic TV Shows, TV Comedies, TV Dramas;205
Dramas, Faith & Spirituality, Romantic Movies;206
Dramas, Independent Movies, LGBTQ Movies;207
Comedies, Independent Movies, LGBTQ Movies;208
Action & Adventure, Cult Movies, Sci-Fi & Fantasy;209
Cult Movies, Horror Movies;210
Action & Adventure, Dramas, Sports Movies;211
Anime Series, Romantic TV Shows, Teen TV Shows;212
Dramas, International Movies, LGBTQ Movies;213
Dramas, Romantic Movies, Thrillers;214
Children & Family Movies, Dramas, Faith & Spirituality;215
Dramas, International Movies, Sports Movies;216
Action & Adventure, Horror Movies;217
Documentaries, International Movies, LGBTQ Movies;218
Dramas, Independent Movies, Sci-Fi & Fantasy;219
Comedies, Independent Movies, International Movies;220
Reality TV, TV Horror, TV Thrillers;221
TV Action & Adventure, TV Horror, TV Sci-Fi & Fantasy;222
International TV Shows, TV Horror, TV Sci-Fi & Fantasy;223
Independent Movies, International Movies, Thrillers;224
Independent Movies, Thrillers;225
Documentaries, Dramas;226
Action & Adventure, Sports Movies;227
Dramas, International Movies, Sci-Fi & Fantasy;228
Comedies, Independent Movies, Romantic Movies;229
Horror Movies, Romantic Movies, Sci-Fi & Fantasy;230
International TV Shows, Stand-Up Comedy & Talk Shows;231
Action & Adventure, Anime Features, Horror Movies;232
Cult Movies, Dramas, Music & Musicals;233
TV Dramas, TV Thrillers;234
Crime TV Shows, International TV Shows, Korean TV Shows;235
TV Horror, TV Mysteries, TV Thrillers;236
Comedies, Horror Movies, International Movies;237
Crime TV Shows, Docuseries, TV Mysteries;238
Comedies, International Movies, Sports Movies;239
Classic Movies, Music & Musicals;240
Reality TV, TV Comedies, TV Horror;241
Children & Family Movies, Faith & Spirituality, Music & Musicals;242
International TV Shows, Korean TV Shows, Stand-Up Comedy & Talk Shows;243
Dramas, Music & Musicals;244
Docuseries, Science & Nature TV, TV Action & Adventure;245
British TV Shows, Kids' TV, TV Dramas;246
International TV Shows, Korean TV Shows, Romantic TV Shows;247
Horror Movies, Independent Movies;248
Anime Series, Kids' TV, TV Action & Adventure;249
Comedies, Dramas, Music & Musicals;250
TV Horror, Teen TV Shows;251
Comedies, LGBTQ Movies, Thrillers;252
Docuseries, Reality TV, Science & Nature TV;253
Crime TV Shows, Spanish-Language TV Shows, TV Action & Adventure;254
Romantic TV Shows, Teen TV Shows;255
TV Comedies, Teen TV Shows;256
Romantic TV Shows, TV Dramas, Teen TV Shows;257
Children & Family Movies, Sci-Fi & Fantasy;258
Romantic TV Shows, TV Action & Adventure, TV Dramas;259
Comedies, International Movies, LGBTQ Movies;260
Dramas, Sci-Fi & Fantasy;261
Kids' TV, TV Thrillers;262
TV Action & Adventure, TV Comedies, TV Sci-Fi & Fantasy;263
British TV Shows, Romantic TV Shows, TV Dramas;264
Anime Series, International TV Shows, Spanish-Language TV Shows;265
Docuseries, TV Comedies;266
Comedies, Romantic Movies, Sports Movies;267
TV Action & Adventure, TV Comedies, TV Dramas;268
Children & Family Movies, Dramas, Sports Movies;269
Action & Adventure, Dramas, Independent Movies;270
Spanish-Language TV Shows, TV Dramas;271
Dramas, LGBTQ Movies;272
TV Horror, TV Mysteries, TV Sci-Fi & Fantasy;273
Action & Adventure, Dramas, Faith & Spirituality;274
International TV Shows, TV Mysteries, TV Thrillers;275
British TV Shows, Classic & Cult TV, International TV Shows;276
Action & Adventure, Comedies, Independent Movies;277
Music & Musicals;278
British TV Shows, Kids' TV, TV Comedies;279
Docuseries, Spanish-Language TV Shows;280
Dramas, Independent Movies, Sports Movies;281
TV Dramas, TV Mysteries, TV Thrillers;282
Comedies, LGBTQ Movies, Music & Musicals;283
International TV Shows, TV Action & Adventure, TV Mysteries;284
Kids' TV, TV Comedies, Teen TV Shows;285
International TV Shows, TV Dramas, TV Horror;286
Comedies, International Movies, Thrillers;287
Classic & Cult TV, TV Action & Adventure, TV Sci-Fi & Fantasy;288
International TV Shows, TV Horror, TV Mysteries;289
Children & Family Movies, Documentaries;290
Music & Musicals, Romantic Movies;291
Romantic Movies;292
Children & Family Movies, Classic Movies, Comedies;293
TV Action & Adventure, TV Dramas;294
Dramas, LGBTQ Movies, Romantic Movies;295
Children & Family Movies, Comedies, Romantic Movies;296
Comedies, Sports Movies;297
International Movies;298
International TV Shows, Romantic TV Shows, TV Mysteries;299
Stand-Up Comedy & Talk Shows;300
Action & Adventure, International Movies, Romantic Movies;301
Reality TV, TV Comedies;302
Cult Movies, Dramas, International Movies;303
Kids' TV, TV Dramas;304
Crime TV Shows, International TV Shows, TV Mysteries;305
Action & Adventure, Sci-Fi & Fantasy, Sports Movies;306
TV Dramas, TV Sci-Fi & Fantasy, TV Thrillers;307
Romantic TV Shows, TV Dramas, TV Sci-Fi & Fantasy;308
Docuseries, TV Sci-Fi & Fantasy;309
Anime Features, International Movies;310
British TV Shows, Classic & Cult TV, Kids' TV;311
British TV Shows, Reality TV, Romantic TV Shows;312
Documentaries, Faith & Spirituality, International Movies;313
Kids' TV, Reality TV, TV Dramas;314
LGBTQ Movies, Thrillers;315
TV Action & Adventure, TV Mysteries, TV Sci-Fi & Fantasy;316
Reality TV, Science & Nature TV;317
Kids' TV, TV Action & Adventure, TV Comedies;318
International TV Shows, Romantic TV Shows, TV Action & Adventure;319
Children & Family Movies, Dramas, Independent Movies;320
Comedies, Music & Musicals, Romantic Movies;321
International TV Shows, Korean TV Shows, Reality TV;322
Classic & Cult TV, TV Dramas, TV Sci-Fi & Fantasy;323
Anime Features, Children & Family Movies;324
Action & Adventure, International Movies, Sci-Fi & Fantasy;325
Crime TV Shows, TV Action & Adventure, TV Dramas;326
Classic & Cult TV, TV Action & Adventure, TV Horror;327
International TV Shows, Korean TV Shows, TV Dramas;328
International TV Shows, TV Action & Adventure, TV Horror;329
Action & Adventure, Comedies, Romantic Movies;330
International TV Shows, Korean TV Shows, TV Action & Adventure;331
Classic & Cult TV, Kids' TV, TV Action & Adventure;332
Anime Series, International TV Shows, TV Horror;333
International TV Shows, Korean TV Shows, TV Horror;334
Children & Family Movies, Comedies, International Movies;335
International Movies, Sci-Fi & Fantasy;336
International Movies, Sci-Fi & Fantasy, Thrillers;337
Children & Family Movies, Dramas, Romantic Movies;338
Anime Series, Romantic TV Shows;339
Comedies, Dramas, LGBTQ Movies;340
British TV Shows, International TV Shows, TV Action & Adventure;341
Docuseries, Science & Nature TV, TV Comedies;342
International TV Shows, Stand-Up Comedy & Talk Shows, TV Comedies;343
Children & Family Movies, Dramas, Music & Musicals;344
Action & Adventure, Independent Movies, International Movies;345
Action & Adventure, Children & Family Movies, Sci-Fi & Fantasy;346
Horror Movies, Independent Movies, Sci-Fi & Fantasy;347
TV Dramas, TV Sci-Fi & Fantasy, Teen TV Shows;348
Anime Features, International Movies, Sci-Fi & Fantasy;349
Dramas, Independent Movies, Music & Musicals;350
Kids' TV, TV Comedies, TV Dramas;351
Children & Family Movies, Documentaries, Sports Movies;352
Independent Movies, Sci-Fi & Fantasy, Thrillers;353
Anime Features, Music & Musicals, Sci-Fi & Fantasy;354
TV Comedies, TV Dramas, TV Sci-Fi & Fantasy;355
Crime TV Shows, TV Action & Adventure;356
Comedies, Faith & Spirituality, Romantic Movies;357
Kids' TV, TV Action & Adventure;358
Action & Adventure, Independent Movies;359
International TV Shows, Reality TV, TV Comedies;360
Docuseries, Reality TV, Teen TV Shows;361
Crime TV Shows, International TV Shows, Reality TV;362
Anime Series, Teen TV Shows;363
Crime TV Shows, Romantic TV Shows, TV Dramas;364
Anime Features, Romantic Movies;365
Horror Movies, Sci-Fi & Fantasy, Thrillers;366
International TV Shows, TV Comedies, TV Sci-Fi & Fantasy;367
International TV Shows, Romantic TV Shows;368
Anime Features, Music & Musicals;369
Anime Features, International Movies, Romantic Movies;370
International TV Shows, Romantic TV Shows, Teen TV Shows;371
Docuseries, Stand-Up Comedy & Talk Shows;372
Horror Movies, Independent Movies, Thrillers;373
TV Action & Adventure, TV Comedies, TV Horror;374
Documentaries, Stand-Up Comedy;375
Kids' TV, Spanish-Language TV Shows;376
British TV Shows, Kids' TV, TV Thrillers;377
Kids' TV, TV Action & Adventure, TV Dramas;378
Anime Series, Crime TV Shows;379
Dramas, Sci-Fi & Fantasy, Thrillers;380
TV Comedies, TV Dramas, TV Horror;381
Children & Family Movies, Comedies, LGBTQ Movies;382
International TV Shows, TV Action & Adventure, TV Sci-Fi & Fantasy;383
Docuseries, TV Dramas;384
Horror Movies, International Movies, Romantic Movies;385
Crime TV Shows, Docuseries, Science & Nature TV;386
International Movies, Music & Musicals, Thrillers;387
Kids' TV, Spanish-Language TV Shows, Teen TV Shows;388
Comedies, Horror Movies, Independent Movies;389
Action & Adventure, International Movies, Sports Movies;390
Action & Adventure, Independent Movies, Sci-Fi & Fantasy;391
Horror Movies, LGBTQ Movies, Music & Musicals;392
Comedies, Music & Musicals, Sports Movies;393
TV Horror, TV Mysteries, Teen TV Shows;394
Romantic TV Shows, TV Comedies;395
Kids' TV, Reality TV, Science & Nature TV;396
International Movies, Romantic Movies, Sci-Fi & Fantasy;397
TV Comedies, TV Horror, TV Thrillers;398
TV Action & Adventure;399
International TV Shows, Spanish-Language TV Shows, TV Horror;400
Crime TV Shows, TV Action & Adventure, TV Thrillers;401
Music & Musicals, Stand-Up Comedy;402
British TV Shows, TV Comedies;403
TV Comedies, TV Sci-Fi & Fantasy, Teen TV Shows;404
TV Comedies, TV Sci-Fi & Fantasy;405
Romantic TV Shows, Spanish-Language TV Shows, TV Comedies;406
Crime TV Shows, International TV Shows, TV Sci-Fi & Fantasy;407
British TV Shows, International TV Shows, Romantic TV Shows;408
Crime TV Shows, Kids' TV;409
Horror Movies, International Movies, Sci-Fi & Fantasy;410
TV Comedies, TV Mysteries;411
Cult Movies, Horror Movies, Independent Movies;412
British TV Shows, Docuseries, TV Comedies;413
Comedies, Documentaries;414
Reality TV, Science & Nature TV, TV Action & Adventure;415
TV Comedies, TV Dramas, TV Mysteries;416
Crime TV Shows, TV Comedies, Teen TV Shows;417
Docuseries, Kids' TV, Science & Nature TV;418
Reality TV, Spanish-Language TV Shows;419
Action & Adventure, Anime Features, Sci-Fi & Fantasy;420
Crime TV Shows, Kids' TV, TV Comedies;421
Dramas, Faith & Spirituality, Independent Movies;422
Documentaries, Faith & Spirituality;423
British TV Shows, International TV Shows, Stand-Up Comedy & Talk Shows;424
Comedies, Dramas, Faith & Spirituality;425
Classic & Cult TV, TV Comedies;426
Dramas, Romantic Movies, Sports Movies;427
Stand-Up Comedy & Talk Shows, TV Mysteries, TV Sci-Fi & Fantasy;428
TV Sci-Fi & Fantasy, TV Thrillers;429
Comedies, Independent Movies, Music & Musicals;430
Comedies, Cult Movies, Independent Movies;431
Documentaries, Dramas, International Movies;432
British TV Shows, TV Horror, TV Thrillers;433
British TV Shows, Docuseries, Science & Nature TV;434
Children & Family Movies, Comedies, Cult Movies;435
Sports Movies;436
Sci-Fi & Fantasy;437
Comedies, LGBTQ Movies;438
Comedies, Independent Movies, Thrillers;439
Classic Movies, Cult Movies, Dramas;440
British TV Shows, TV Comedies, TV Dramas;441
Action & Adventure, Children & Family Movies, Independent Movies;442
Action & Adventure, Documentaries, International Movies;443
Children & Family Movies, Independent Movies;444
Comedies, Cult Movies, Dramas;445
International TV Shows, TV Horror, TV Thrillers;446
Classic Movies, Thrillers;447
Crime TV Shows, TV Dramas, TV Horror;448
British TV Shows, Docuseries, Reality TV;449
Documentaries, LGBTQ Movies, Music & Musicals;450
Classic Movies, Dramas, Romantic Movies;451
Crime TV Shows, Romantic TV Shows, Spanish-Language TV Shows;452
Classic Movies, Cult Movies, Horror Movies;453
Anime Series, Crime TV Shows, TV Thrillers;454
Children & Family Movies, Classic Movies;455
Classic Movies, Comedies, International Movies;456
Comedies, Sci-Fi & Fantasy;457
Action & Adventure, Cult Movies, Dramas;458
Documentaries, Faith & Spirituality, Music & Musicals;459
British TV Shows, Classic & Cult TV, TV Comedies;460
International Movies, Sports Movies;461
International TV Shows;462
Classic & Cult TV, Kids' TV, Spanish-Language TV Shows;463
Romantic TV Shows, Spanish-Language TV Shows, TV Dramas;464
Children & Family Movies, Comedies, Faith & Spirituality;465
British TV Shows, Crime TV Shows, TV Dramas;466
Classic Movies, Dramas, Music & Musicals;467
Cult Movies, Horror Movies, Thrillers;468
Action & Adventure, Classic Movies, Sci-Fi & Fantasy;469
TV Action & Adventure, TV Comedies;470
Classic Movies, Comedies, Music & Musicals;471
Independent Movies;472
Documentaries, Horror Movies;473
Classic & Cult TV, TV Horror, TV Mysteries;474
Comedies, Faith & Spirituality, International Movies;475
Dramas, Horror Movies, Sci-Fi & Fantasy;476
British TV Shows, TV Dramas, TV Sci-Fi & Fantasy;477
Comedies, Cult Movies, Horror Movies;478
Comedies, Cult Movies, Sports Movies;479
Classic Movies, Documentaries;480
Action & Adventure, Faith & Spirituality, Sci-Fi & Fantasy;481
Action & Adventure, Children & Family Movies;482
International TV Shows, Reality TV, TV Action & Adventure;483
Docuseries, Science & Nature TV, TV Dramas;484
Anime Features;485
Action & Adventure, Horror Movies, Independent Movies;486
Action & Adventure, Classic Movies, International Movies;487
Cult Movies, Independent Movies, Thrillers;488
Crime TV Shows, TV Comedies;489
Classic Movies, Cult Movies, Documentaries;490
Classic & Cult TV, Kids' TV, TV Comedies;491
Classic Movies, Dramas, LGBTQ Movies;492
Classic Movies, Dramas, Sports Movies;493
Action & Adventure, Cult Movies;494
Action & Adventure, Comedies, Music & Musicals;495
Classic Movies, Horror Movies, Thrillers;496
Classic Movies, Comedies, Independent Movies;497
Children & Family Movies, Classic Movies, Dramas;498
Dramas, Faith & Spirituality, Sports Movies;499
Classic Movies, Comedies, Romantic Movies;500
Dramas, Horror Movies, Music & Musicals;501
Classic Movies, Independent Movies, Thrillers;502
Children & Family Movies, Faith & Spirituality;503
Classic Movies, Comedies, Sports Movies;504
Comedies, Dramas, Sports Movies;505
Action & Adventure, Romantic Movies, Sci-Fi & Fantasy;506
Classic & Cult TV, TV Sci-Fi & Fantasy;507
Comedies, Cult Movies, LGBTQ Movies;508
Comedies, Horror Movies, Sci-Fi & Fantasy;509
Action & Adventure, Comedies, Horror Movies;510
Classic & Cult TV, Crime TV Shows, TV Dramas;511
Action & Adventure, Documentaries, Sports Movies;512
International Movies, LGBTQ Movies, Romantic Movies;513
Cult Movies, Dramas, Thrillers;514
